{
  "model": "XGBoost",
  "cv_auc": 0.8035764328708673,
  "test_auc": 0.8091372560326273,
  "precision": 0.7582345191040843,
  "recall": 0.6809643543854459,
  "f1": 0.7175251305228707,
  "confusion_matrix": [
    [
      5637,
      1468
    ],
    [
      2157,
      4604
    ]
  ]
}