model,cv_auc,test_auc,precision,recall,f1,confusion_matrix
XGBoost,0.8035764328708673,0.8091372560326273,0.7582345191040843,0.6809643543854459,0.7175251305228707,"[[5637, 1468], [2157, 4604]]"
LogisticRegression,0.7714314161805736,0.7768403168355664,0.7078935632525643,0.7043336784499334,0.7061091340450771,"[[5140, 1965], [1999, 4762]]"
RandomForest,0.7440661645194556,0.7420847575421439,0.6784127924193071,0.6777103978701375,0.678061413244543,"[[4933, 2172], [2179, 4582]]"
