preprocessing_strategy,validation_auc,best_validation_threshold,best_validation_precision,best_validation_recall,best_validation_f1
none,0.8099110276179666,0.4599999999999999,0.6649582662176015,0.840925925925926,0.7426608880529888
winsor_1_99,0.809836356698368,0.4699999999999999,0.6693944353518821,0.8331481481481482,0.7423479910898441
clip_5_95,0.8099023847729379,0.4699999999999999,0.6706533114067873,0.8307407407407408,0.7421622963024237
